frame_id,bin,v_real,v_imag,i_real,i_imag
100,2,0,0,0,0
100,3,0,0,0,0
100,7,0,0,0,0
100,11,0,0,0,0
100,19,0,0,0,0
100,37,0,0,0,0
100,61,0,0,0,0
100,113,0,0,0,0
100,199,0,0,0,0
101,2,0,0,0,0
101,3,0,0,0,0
101,7,0,0,0,0
101,11,0,0,0,0
101,19,0,0,0,0
101,37,0,0,0,0
101,61,0,0,0,0
101,113,0,0,0,0
101,199,0,0,0,0
102,2,-8814873,-8561119,13876662,-20283430
102,3,0,0,0,0
102,7,0,0,0,0
102,11,0,0,0,0
102,19,0,0,0,0
102,37,0,0,0,0
102,61,0,0,0,0
102,113,0,0,0,0
102,199,0,0,0,0
103,2,0,0,0,0
103,3,-5762830,-12565551,8681671,-21120478
103,7,16,4,-9,-5
103,11,-2,-30,21,2
103,19,13,2,-17,-13
103,37,15,29,18,9
103,61,-12,-4,-20,2
103,113,24,-6,10,12
103,199,14,2,-7,-9
104,2,0,0,0,0
104,3,5,9,-1,15
104,7,-921078,-15332351,3776530,-20753605
104,11,-14,-4,-14,14
104,19,22,-14,-2,7
104,37,13,-31,-17,8
104,61,-9,5,20,-29
104,113,-27,23,2,-36
104,199,-16,8,-21,9
105,2,0,0,0,0
105,3,-10,3,-24,3
105,7,-7,-20,0,10
105,11,5154245,-16090636,-580502,-19344902
105,19,12,-16,-23,8
105,37,1,16,-5,-18
105,61,0,18,-6,2
105,113,6,-25,5,-17
105,199,-12,-1,12,1
106,2,0,0,0,0
106,3,-11,-8,-2,3
106,7,-5,-10,-8,8
106,11,1,-12,-9,-7
106,19,11589893,-14332219,-4186603,-17107994
106,37,-22,-13,3,2
106,61,-1,4,-11,20
106,113,-24,-20,-7,11
106,199,18,26,6,-22
107,2,0,0,0,0
107,3,16,-5,43,3
107,7,-5,10,5,-5
107,11,10,-18,-2,-17
107,19,27,-9,-10,5
107,37,17320695,-9935519,-6903762,-14291903
107,61,1,-3,-8,3
107,113,15,-2,-11,-34
107,199,-2,-6,-8,13
108,2,0,0,0,0
108,3,22,12,-1,1
108,7,-10,-8,17,-2
108,11,8,-1,-17,1
108,19,-5,-24,-6,11
108,37,-5,-9,-22,-19
108,61,21259980,-3230444,-8664093,-11163547
108,113,-20,10,-14,-1
108,199,-16,0,-9,6
109,2,0,0,0,0
109,3,-1,-2,-4,5
109,7,9,-18,19,-8
109,11,-13,-5,14,-53
109,19,-4,23,22,7
109,37,33,1,-2,-27
109,61,3,5,14,9
109,113,22488671,5010091,-9470329,-7989668
109,199,-25,-10,8,-18
110,2,0,0,0,0
110,3,-25,-7,-13,-7
110,7,4,-15,7,-3
110,11,26,22,-15,-3
110,19,-20,-7,4,-22
110,37,5,1,-23,1
110,61,2,-5,-1,-6
110,113,17,5,11,-10
110,199,20432077,13656874,-9392502,-5019462
111,2,-69889,5029415,227078,2504687
111,3,-3497914,3614482,-1445982,2057720
111,7,-4142271,-2853350,-2444000,-593201
111,11,-4904108,1117870,-1756094,1800308
111,19,4661860,1888671,2067099,-1432527
111,37,-4179047,-2799204,-576384,2448020
111,61,1117744,4904149,-656204,-2427844
111,113,4981702,-694703,2436097,624844
111,199,-2089963,-4575152,2470559,470424
112,2,-556078,1602022,-566769,-300390
112,3,419605,-433646,216245,-188596
112,7,-291723,-380751,548764,1191762
112,11,-402605,-614121,525638,225342
112,19,-210836,-161257,307086,137589
112,37,-679549,979137,559548,443718
112,61,80520,-882217,-251653,62987
112,113,914467,140685,-78224,359083
112,199,-349978,-661036,-134684,1069843
113,2,32767,0,-23870,22449
113,3,32767,0,-13919,29665
113,7,32767,0,28756,15712
113,11,32767,0,17446,-27738
113,19,32767,0,-20710,25394
113,37,32767,0,-5701,32268
113,61,32767,0,16932,-28054
113,113,32767,0,-7473,-31904
113,199,32767,0,-31269,-9800
114,2,0,0,0,0
114,3,0,0,0,0
114,7,0,0,0,0
114,11,0,0,0,0
114,19,0,0,0,0
114,37,0,0,0,0
114,61,0,0,0,0
114,113,0,0,0,0
114,199,0,0,0,0
115,2,-10660623,-4515575,3414930,9088511
115,3,-5361442,-8013913,3333239,5576932
115,7,2484767,352215,2719816,906074
115,11,-1664623,-1897790,1782007,-692871
115,19,-1048356,-913962,-129933,-1221750
115,37,-30060,-853357,-145108,535161
115,61,-196532,-460226,-332611,-260038
115,113,186239,-152399,-71117,213968
115,199,-97572,-10047,46083,25432
116,2,-1473378,-15585946,2126307,-11456631
116,3,6964866,-4802176,-6838422,-2827561
116,7,2698778,-2849262,-2349091,-2295096
116,11,1405014,-2248741,-881286,-1935873
116,19,284598,-1616431,365614,-1143566
116,37,476658,44607,-508831,-398620
116,61,163406,-479677,299155,-21027
116,113,-19413,87208,63830,-142687
116,199,22727,-170413,-28399,-71269
117,2,-537516,1655738,-12105,870337
117,3,-1526193,837323,-605314,625475
117,7,-1077727,-1367065,-716802,-493767
117,11,-1735791,-131958,-848646,193426
117,19,1348207,1101271,806715,326857
117,37,-1095436,-1352935,-723157,-484395
117,61,-132019,1735774,193416,848645
117,113,1718169,279812,862069,-120223
117,199,-223064,-1726452,-361663,-791671
118,2,-10660623,-4515575,3414930,9088511
118,3,-5361442,-8013913,3333239,5576932
118,7,2484767,352215,2719816,906074
118,11,-1664623,-1897790,1782007,-692871
118,19,-1048356,-913962,-129933,-1221750
118,37,-30060,-853357,-145108,535161
118,61,-196532,-460226,-332611,-260038
118,113,186239,-152399,-71117,213968
118,199,-97572,-10047,46083,25432
