frame_id,bin,flags,v_amp_q14,v_phase_q29,i_amp_q14,i_phase_q29
1000,2,136,0,0,0,0
1000,3,136,0,0,0,0
1000,7,136,0,0,0,0
1000,11,136,0,0,0,0
1000,19,136,0,0,0,0
1000,37,136,0,0,0,0
1000,61,136,0,0,0,0
1000,113,136,0,0,0,0
1000,199,136,0,0,0,0
1001,2,136,0,0,0,0
1001,3,136,0,0,0,0
1001,7,136,0,0,0,0
1001,11,136,0,0,0,0
1001,19,136,0,0,0,0
1001,37,136,0,0,0,0
1001,61,136,0,0,0,0
1001,113,136,0,0,0,0
1001,199,136,0,0,0,0
1002,2,17,196607870,-1272812036,393215839,-521191932
1002,3,136,0,0,0,0
1002,7,136,0,0,0,0
1002,11,136,0,0,0,0
1002,19,136,0,0,0,0
1002,37,136,0,0,0,0
1002,61,136,0,0,0,0
1002,113,136,0,0,0,0
1002,199,136,0,0,0,0
1003,2,136,0,0,0,0
1003,3,17,221184177,-1074169495,365363075,-633935316
1003,7,17,264,131521919,165,-1414383277
1003,11,17,481,-879053367,338,50976809
1003,19,17,210,81952984,342,-1336135347
1003,37,17,522,587042006,322,248918914
1003,61,17,202,-1513891199,322,1633120513
1003,113,17,396,-131521919,250,470330085
1003,199,17,226,76180401,182,-1198209706
1004,2,136,0,0,0,0
1004,3,17,165,571068420,241,879053367
1004,7,17,245759881,-875528208,337510623,-746677935
1004,11,17,233,-1537218721,317,1264972285
1004,19,17,417,-304260431,116,992725849
1004,37,17,538,-630134453,301,1450491025
1004,61,17,165,1414383277,564,-519179401
1004,113,17,567,1307830682,577,-813519323
1004,199,17,286,1437710798,366,1469255090
1005,2,136,0,0,0,0
1005,3,17,167,1530155038,387,1619867134
1005,7,17,339,-1024065774,160,843314857
1005,11,17,270335997,-676885730,309657758,-859420451
1005,19,17,320,-497837830,390,1506919242
1005,37,17,256,809804013,299,-988778339
1005,61,17,288,843314857,101,1513891199
1005,113,17,411,-716857608,284,-689742159
1005,199,17,193,-1641993605,193,44636109
1006,2,136,0,0,0,0
1006,3,17,218,-1349047277,58,1158996351
1006,7,17,179,-1092233772,181,1264972285
1006,11,17,193,-798678748,182,-1331734864
1006,19,17,294911782,-478243065,281804972,-972163612
1006,37,17,409,-1400097309,58,315681494
1006,61,17,66,974836775,365,1113276749
1006,113,17,500,-1313644941,209,1147575288
1006,199,17,506,518215541,365,-700371876
1007,2,136,0,0,0,0
1007,3,17,268,-162610076,690,37395515
1007,7,17,179,1092233771,113,-421657428
1007,11,17,329,-571068420,274,-906187135
1007,19,17,455,-172738514,179,1437710798
1007,37,17,319487996,-279601033,253952019,-1084906336
1007,61,17,51,-670576343,137,1494016176
1007,113,17,242,-71163062,572,-1011302424
1007,199,17,101,-1016053371,244,1139482370
1008,2,136,0,0,0,0
1008,3,17,401,268084729,23,1264972285
1008,7,17,205,-1324380928,274,-62872278
1008,11,17,129,-66762579,272,1655085421
1008,19,17,392,-953585667,200,1111399586
1008,37,17,165,-1115561293,465,-1304185640
1008,61,17,344064187,-80958004,226099470,-1197649938
1008,113,17,358,1437710798,225,-1648346809
1008,199,17,256,-1686629713,173,1370948219
1009,2,136,0,0,0,0
1009,3,17,36,-1092233772,102,1205563641
1009,7,17,322,-594395942,330,-213955109
1009,11,17,223,-1489504762,877,-704666752
1009,19,17,374,935759096,369,165384577
1009,37,17,528,16263838,433,-883010575
1009,61,17,93,553179347,266,306734474
1009,113,17,368639908,117683801,198246345,-1310391904
1009,199,17,431,-1482346907,315,-618782379
1010,2,136,0,0,0,0
1010,3,17,415,-1540059281,236,-1421446960
1010,7,17,248,-703405013,122,-217374623
1010,11,17,545,377021319,245,-1580653779
1010,19,17,339,-1505878795,358,-746756744
1010,37,17,82,105975934,368,1663302192
1010,61,17,86,-639032051,97,-931978377
1010,113,17,284,153572698,238,-396111445
1010,199,17,393216066,316326563,170393685,-1423135386
1011,2,17,80478409,850774761,40239352,794774182
1011,3,17,80478382,1256174073,40239525,1172171352
1011,7,17,80478593,-1362792003,40239359,-1558793947
1011,11,17,80478423,1566308157,40239205,1258298128
1011,19,17,80478595,206654016,40239386,-325355296
1011,37,17,80478532,-1369778360,40239349,967459530
1011,61,17,80478615,723007386,40239380,-985035473
1011,113,17,80478516,-74387432,40239280,134798172
1011,199,17,80478507,-1073364294,40239159,101017379
1012,2,17,27132609,1022682340,10263239,-1424979271
1012,3,17,9654740,-430491317,4590923,-385048169
1012,7,17,7674559,-1194307539,20992577,611643254
1012,11,17,11749224,-1154854276,9150466,217433789
1012,19,17,4246957,-1336087998,5384007,226145452
1012,37,17,19069531,1169038200,11426057,359947327
1012,61,17,14174143,-794450000,4150654,1554959723
1012,113,17,14803607,81951705,5880073,958469751
1012,199,17,11967457,-1104728161,17252599,910548572
1013,2,17,524272,0,524286,1281437544
1013,3,17,524272,0,524290,1078845741
1013,7,17,524272,0,524296,268471769
1013,11,17,524272,0,524292,-541894320
1013,19,17,524272,0,524292,1210614649
1013,37,17,524272,0,524284,937198529
1013,61,17,524272,0,524283,-551780033
1013,113,17,524272,0,524280,-966841273
1013,199,17,524272,0,524300,-1523574936
1014,2,136,0,0,0,0
1014,3,136,0,0,0,0
1014,7,136,0,0,0,0
1014,11,136,0,0,0,0
1014,19,136,0,0,0,0
1014,37,136,0,0,0,0
1014,61,136,0,0,0,0
1014,113,136,0,0,0,0
1014,199,136,0,0,0,0
1015,2,17,185240549,-1471525312,155342433,650352433
1015,3,17,154271749,-1159868881,103954024,554094826
1015,7,17,40153697,75597654,45868317,172644115
1015,11,17,40390341,-1229883068,30591478,-199086272
1015,19,17,22253100,-1301683835,19658236,-900197219
1015,37,17,13662180,-862218632,8871760,985468508
1015,61,17,8006922,-1059991622,6755143,-1330389278
1015,113,17,3850333,-368185587,3607634,1015588799
1015,199,17,1569407,-1631542201,842158,270733632
1016,2,17,250486915,-893916217,186436443,-744794663
1016,3,17,135358726,-324073818,118399045,-1476136551
1016,7,17,62791993,-436215845,52546529,-1271213859
1016,11,17,42425352,-543496246,34032528,-1072667510
1016,19,17,26260700,-749749274,19209443,-677183675
1016,37,17,7659851,50095992,10342077,-1329858109
1016,61,17,8107937,-667044801,4798289,-37673611
1016,113,17,1429482,960908039,2501013,-617484408
1016,199,17,2750749,-772135493,1227501,-1046892045
1017,2,17,27852833,1011841178,13926739,850781394
1017,3,17,27852755,1417230748,13926656,1256178831
1017,7,17,27852697,-1201728479,13926536,-1362788356
1017,11,17,27852794,-1645894160,13926561,1566319673
1017,19,17,27853146,367716808,13926661,206671472
1017,37,17,27852931,-1208715545,13926385,-1369772780
1017,61,17,27852597,884069565,13926510,723010694
1017,113,17,27852868,86671107,13926587,-74391509
1017,199,17,27852843,-912298401,13925912,-1073376569
1018,2,17,185240549,-1471525312,155342433,650352433
1018,3,17,154271749,-1159868881,103954024,554094826
1018,7,17,40153697,75597654,45868317,172644115
1018,11,17,40390341,-1229883068,30591478,-199086272
1018,19,17,22253100,-1301683835,19658236,-900197219
1018,37,17,13662180,-862218632,8871760,985468508
1018,61,17,8006922,-1059991622,6755143,-1330389278
1018,113,17,3850333,-368185587,3607634,1015588799
1018,199,17,1569407,-1631542201,842158,270733632
1019,2,136,0,0,0,0
1019,3,17,16,0,16,843314857
1019,7,17,16,-1686629713,16,-843314857
1019,11,17,23,421657428,23,-1264972285
1019,19,17,23,-421657428,23,1264972285
1019,37,17,2147483648,-1686629713,2147483632,0
1019,61,17,3037000504,-1264972285,3037000476,421657428
1019,113,17,1600000000,1686629708,1600000000,-1686629708
1019,199,17,23,421657428,23,421657428
1020,2,130,0,0,0,0
1020,3,18,0,0,1600,0
1020,7,40,0,0,0,0
1020,11,17,23,421657428,23,-1264972285
1020,19,17,16,843314857,16,0
1020,37,17,36,248918914,36,-1437710799
1020,61,17,23,421657428,23,421657428
1020,113,17,66,131521919,66,-1555107794
1020,199,17,51,172738514,51,670576343
1021,2,17,129,66762579,129,-1619867134
1021,3,17,113,76180401,113,767134455
1021,7,17,256,33510844,256,-1653118869
1021,11,17,241,35738511,241,807576346
1021,19,17,512,16771758,512,-1669857955
1021,37,17,496,17312413,496,826002443
1021,61,17,1024,8387926,1024,-1678241787
1021,113,17,1008,8521045,1008,834793812
1021,199,17,2048,4194219,2048,-1682435494
1022,2,17,2032,4227243,2032,839087614
1022,3,17,4096,2097142,4096,-1684532571
1022,7,17,4080,2105365,4080,841209492
1022,11,17,8192,1048574,8192,-1685581139
1022,19,17,8176,1050626,8176,842264230
1022,37,17,16384,524287,16384,-1686105426
1022,61,17,16368,524800,16368,842790056
1022,113,17,32768,262144,32768,-1686367569
1022,199,17,32752,262272,32752,843052584
1023,2,17,65536,131072,65536,-1686498641
1023,3,17,65520,131104,65520,843183752
1023,7,17,131072,65536,131072,-1686564177
1023,11,17,131056,65544,131056,843249312
1023,19,17,262144,32768,262144,-1686596945
1023,37,17,262128,32770,262128,843282086
1023,61,17,524288,16384,524288,-1686613329
1023,113,17,524272,16384,524272,843298472
1023,199,17,1048576,8192,1048576,-1686621521
1024,2,17,1048560,8192,1048560,843306664
1024,3,17,2097152,4096,2097152,-1686625617
1024,7,17,2097136,4096,2097136,843310760
1024,11,17,4194304,2048,4194304,-1686627665
1024,19,17,4194288,2048,4194288,843312808
1024,37,17,8388608,1024,8388608,-1686628689
1024,61,17,8388592,1024,8388592,843313832
1024,113,17,16777216,512,16777216,-1686629201
1024,199,17,16777200,512,16777200,843314344
1025,2,17,33554432,256,33554432,-1686629457
1025,3,17,33554416,256,33554416,843314600
1025,7,17,67108864,128,67108864,-1686629585
1025,11,17,67108848,128,67108848,843314728
1025,19,17,134217728,64,134217728,-1686629649
1025,37,17,134217712,64,134217712,843314792
1025,61,17,268435456,32,268435456,-1686629681
1025,113,17,268435440,32,268435440,843314824
1025,199,17,536870912,16,536870912,-1686629697
1026,2,17,536870896,16,536870896,843314840
1026,3,17,1073741824,8,1073741824,-1686629705
1026,7,17,1073741808,8,1073741808,843314848
1026,11,18,0,0,2147483648,-1686629709
1026,19,17,2147483632,4,2147483632,843314852
1026,37,17,2437088972,-1299818867,2371551792,1138819007
1026,61,17,2615648324,1182578569,1692456456,-142525428
1026,113,17,1890609700,342282489,1927219868,-567571213
1026,199,17,1331825016,-1388904551,2473554108,-316553742
1027,2,17,2271770884,522355169,1833119724,398935491
1027,3,17,2145362084,602683450,1786310400,1657110187
1027,7,17,1140141290,-250585075,2400825244,-1249624175
1027,11,17,832024038,-950416002,1253804716,-1117600897
1027,19,17,987663350,-6023671,1994560492,-1021898031
1027,37,17,714687442,796283857,2126655264,104735654
1027,61,17,228473373,-1157014661,1816837340,1161042533
1027,113,17,1942950900,-1112476237,1474221800,-1080756439
1027,199,17,2097339632,1635176707,2762270144,-407221124
1028,2,17,2213041328,-1376790854,1265271572,643985506
1028,3,17,2962050448,1259699333,982847640,1093521711
1028,7,17,2232188608,1521861364,2491092120,-318935313
1028,11,17,1960473020,122292804,1754744036,-544615817
1028,19,17,2433773852,270010698,2698518372,416238728
1028,37,17,2157766824,322049308,1925388420,1507358500
1028,61,17,1401850416,1241810128,847045854,55563555
1028,113,17,811393100,690902567,729804500,170204251
1028,199,17,2384420420,-1376613547,1377299160,122862308
1029,2,17,1843902516,108366205,1262203838,1146944398
1029,3,17,2385340404,-276936648,834277254,378139870
1029,7,17,2179122752,730822155,890651270,-919712215
1029,11,17,979785316,1287059594,1920510108,-1088151352
1029,19,17,2091400704,-944324936,457656798,-384073166
1029,37,17,2173256104,-1402420331,1361848152,990087131
1029,61,17,792668370,-241978238,2297170408,-487486276
1029,113,17,1613217332,-228653289,2842728828,-412928019
1029,199,17,2253585624,-1302355184,421290905,134361170
1030,2,17,2329325416,612175116,1812385048,-258516675
1030,3,17,2414041808,-412248429,666783100,1227527726
1030,7,17,534476398,-847447891,498235724,267905968
1030,11,17,2102352040,894549981,1987413416,-494566639
1030,19,17,878770882,1486712560,2167447664,-562111269
1030,37,17,1354029012,-1239587208,1482929496,1150122263
1030,61,17,1539922168,-728644248,1583284524,-296813105
1030,113,17,2123876128,-11272074,2540310652,-481572554
1030,199,17,2293485084,1083006059,2162394356,388345737
1031,2,17,1775154144,-910518296,1479550804,657717622
1031,3,17,1820039668,-1196783541,539089080,309038169
1031,7,17,1479296832,248613518,2232683668,-1154055299
1031,11,17,2044536712,-196394547,1422093368,-688223177
1031,19,17,2410470784,-553632062,2331910000,254070035
1031,37,17,1908905992,-934640737,1861294732,-1180690095
1031,61,17,1970004972,-1027336006,1839881752,446219293
1031,113,17,1123516060,826620675,1722780368,-120590679
1031,199,17,1881784396,-1169479603,2244895880,1413565953
1032,2,17,2215008032,1413974834,726155630,1334026119
1032,3,17,88407900,-1203001113,2779275432,1292229994
1032,7,17,2166152664,-126866179,1264407780,685183813
1032,11,17,953513476,-1679017577,1987701612,-924273591
1032,19,17,929416244,-838760387,2057041256,485657349
1032,37,17,1841140856,-253443298,1733710876,-1346368565
1032,61,17,2640988004,395386470,1371104736,-303754113
1032,113,17,1988469420,-69648395,300659113,-957419123
1032,199,17,1641064188,358206154,1657104748,1366528884
1033,2,17,1872086412,-1222748199,2052680488,-1136512361
1033,3,17,2013607328,-1532195027,1992415832,-204805538
1033,7,17,1574335476,1624282808,1708913112,-1060844620
1033,11,17,2126188376,1250252818,1733791568,1623705469
1033,19,17,1362111258,1303827061,2107179332,454905413
1033,37,17,855029830,-1139656225,1864713676,-783642408
1033,61,17,2432008712,-397666147,1905510008,-767613658
1033,113,17,1338473440,-908591684,2231118608,1072875612
1033,199,17,1490819988,381173471,1090109006,1256715855
1034,2,17,1706589492,1076219633,1640964496,213094770
1034,3,17,1779113064,98623715,359519794,-937112431
1034,7,17,2484726208,-322372385,864423296,-60130357
1034,11,17,1275795974,-494833227,1770359832,-1590871663
1034,19,17,2020088096,1652262195,1924025276,-774280274
1034,37,17,1389271688,-1566228899,1679714536,-660264708
1034,61,17,2220487460,-206697120,1032669910,-238517621
1034,113,17,1036356480,-756925154,1739718296,466587496
1034,199,17,257194992,-806623465,2206946664,-1130490010
1035,2,17,1774591988,-1551815588,1633217936,1433066165
1035,3,17,1364390648,-1447414472,2195830952,679144206
1035,7,17,1187544522,1227522414,2379579772,1313375024
1035,11,17,2156041644,-763036228,1060087508,1191406420
1035,19,17,1873431712,513095685,2378653700,-413180386
1035,37,17,1542363656,476967483,1940352600,-485800789
1035,61,17,1120271440,1536835828,1496102424,-1651277077
1035,113,17,2029275688,-673065442,926498928,1013768203
1035,199,17,1947143900,-685290071,1600448896,-1310608239
1036,2,17,867258188,786273315,1435514536,-157291820
1036,3,17,2804548576,-1291157782,1736966580,1288438671
1036,7,17,654125660,-966329966,1187282234,1269230476
1036,11,17,2433662324,1196448520,2140823536,1497385115
1036,19,17,1122362496,-516475700,1379803920,-1216614998
1036,37,17,2271213568,-1141165904,1357455984,-898955264
1036,61,17,1909503436,132981590,1234435552,1399751659
1036,113,17,1544398344,-1367302527,1532718828,1126856361
1036,199,17,416167256,-1200058109,2399098912,454557066
1037,2,17,683570634,-987243257,847311756,1171061612
1037,3,17,1321961988,-656411470,2110367636,-263914970
1037,7,17,1540720544,1656384218,2436965992,523796876
1037,11,17,1506902808,-1496994259,1762756124,-1572115009
1037,19,17,1408113536,-1483352007,1699792540,747018016
1037,37,17,1431043580,92956194,1112775012,489796082
1037,61,17,1652491960,697438145,1939573800,-854156417
1037,113,17,1411564040,746960159,1208321044,291282339
1037,199,17,837130482,-1133374622,1491031064,-1004347486
1038,2,17,919054338,-1542704803,1428099400,-452121118
1038,3,17,2703412136,-1224693555,2604461948,-1268566960
1038,7,17,1833977636,1316992459,1764054772,-1128416069
1038,11,17,750697896,1593831230,1417889612,1183251722
1038,19,17,1566109552,-3624814,1913740792,1659136400
1038,37,17,902525010,-31034700,2076928632,698188477
1038,61,17,1183694982,527287184,1249908000,1550340410
1038,113,17,1054295920,194324637,2791738424,-1242358372
1038,199,17,2643495252,1218270313,2044589588,1390390142
1039,2,17,451704265,-1561223263,1374696772,1429891317
1039,3,17,2149943756,396171481,1576876864,-1623934747
1039,7,17,1404822244,-343708815,1702491112,-1410781331
1039,11,17,1817882988,-1118298526,2202148420,1247408106
1039,19,17,1148599196,847435698,2371606220,243507906
1039,37,17,670128374,-511411459,1715245984,-312657354
1039,61,17,2132803844,1330059359,1586307240,-783652397
1039,113,17,2600696204,-423995092,1299165064,801322681
1039,199,17,1299118244,1561137375,813647540,-151361659
1040,2,17,412301618,-1482850996,1473528770,427498034
1040,3,17,1274657380,796041544,1887813688,952274111
1040,7,17,1809559876,-998325301,2057177388,319065726
1040,11,17,1977407520,666428564,383646987,580630424
1040,19,17,272559075,91435473,1570649240,835448835
1040,37,17,2080151208,-1009166977,2327663028,-1064100466
1040,61,17,1956934468,-534233627,2220351312,-242883014
1040,113,24,0,0,16,0
1040,199,24,0,0,16,0
