index,cycle,start_tag,completed_at_request,electrodes_hex,addresses_hex
0,39,48,0,103081,42540
1,283,112,1,144081,3a140
2,780,224,2,185081,31d40
3,986,288,3,1c6081,29940
4,1242,352,4,207081,21540
5,1498,416,5,248081,19140
6,1754,480,6,289081,10d40
7,2011,544,7,2ca081,08940
8,2266,608,8,30b081,00540
9,2523,672,9,34c081,60140
10,2778,736,10,38d081,6b140
11,3034,800,11,3ce081,73540
12,3290,864,12,40f081,7b940
13,3551,928,13,1440c2,3a121
14,3803,992,14,1850c2,31d21
15,4058,1056,15,1c60c2,29921
16,4315,1120,16,2070c2,21521
17,4570,1184,17,2480c2,19121
18,4826,1248,18,2890c2,10d21
19,5082,1312,19,2ca0c2,08921
20,5338,1376,20,30b0c2,00521
21,5595,1440,21,34c0c2,60121
22,5850,1504,22,38d0c2,6b121
23,6107,1568,23,3ce0c2,73521
24,6362,1632,24,40f0c2,7b921
25,6618,1696,25,0500c2,5bd21
26,6874,1760,26,081103,52d02
27,7133,1824,27,185103,31d02
28,7387,1888,28,1c6103,29902
29,7642,1952,29,207103,21502
30,7899,2016,30,248103,19102
31,8154,2080,31,289103,10d02
32,8410,2144,32,2ca103,08902
33,8666,2208,33,30b103,00502
34,8922,2272,34,34c103,60102
35,9179,2336,35,38d103,6b102
36,9434,2400,36,3ce103,73502
37,9691,2464,37,40f103,7b902
38,9946,2528,38,050103,5bd02
39,10202,2592,39,081144,52ce3
40,10458,2656,40,0c2144,4a8e3
41,10717,2720,41,1c6144,298e3
42,10971,2784,42,207144,214e3
43,11226,2848,43,248144,190e3
44,11483,2912,44,289144,10ce3
45,11738,2976,45,2ca144,088e3
46,11994,3040,46,30b144,004e3
47,12250,3104,47,34c144,600e3
48,12506,3168,48,38d144,6b0e3
49,12763,3232,49,3ce144,734e3
50,13018,3296,50,40f144,7b8e3
51,13275,3360,51,050144,5bce3
52,13530,3424,52,081185,52cc4
53,13786,3488,53,0c2185,4a8c4
54,14042,3552,54,103185,424c4
55,14301,3616,55,207185,214c4
56,14555,3680,56,248185,190c4
57,14810,3744,57,289185,10cc4
58,15067,3808,58,2ca185,088c4
59,15322,3872,59,30b185,004c4
60,15578,3936,60,34c185,600c4
61,15834,4000,61,38d185,6b0c4
62,16090,4064,62,3ce185,734c4
63,16347,4128,63,40f185,7b8c4
64,16602,4192,64,050185,5bcc4
65,16859,4256,65,0811c6,52ca5
66,17114,4320,66,0c21c6,4a8a5
67,17370,4384,67,1031c6,424a5
68,17626,4448,68,1441c6,3a0a5
69,17885,4512,69,2481c6,190a5
70,18139,4576,70,2891c6,10ca5
71,18394,4640,71,2ca1c6,088a5
72,18651,4704,72,30b1c6,004a5
73,18906,4768,73,34c1c6,600a5
74,19162,4832,74,38d1c6,6b0a5
75,19418,4896,75,3ce1c6,734a5
76,19674,4960,76,40f1c6,7b8a5
77,19931,5024,77,0501c6,5bca5
78,20186,5088,78,081207,52c86
79,20443,5152,79,0c2207,4a886
80,20698,5216,80,103207,42486
81,20954,5280,81,144207,3a086
82,21210,5344,82,185207,31c86
83,21469,5408,83,289207,10c86
84,21723,5472,84,2ca207,08886
85,21978,5536,85,30b207,00486
86,22235,5600,86,34c207,60086
87,22490,5664,87,38d207,6b086
88,22746,5728,88,3ce207,73486
89,23002,5792,89,40f207,7b886
90,23258,5856,90,050207,5bc86
91,23515,5920,91,081248,52c67
92,23770,5984,92,0c2248,4a867
93,24027,6048,93,103248,42467
94,24282,6112,94,144248,3a067
95,24538,6176,95,185248,31c67
96,24794,6240,96,1c6248,29867
97,25053,6304,97,2ca248,08867
98,25307,6368,98,30b248,00467
99,25562,6432,99,34c248,60067
100,25819,6496,100,38d248,6b067
101,26074,6560,101,3ce248,73467
102,26330,6624,102,40f248,7b867
103,26586,6688,103,050248,5bc67
104,26842,6752,104,081289,52c48
105,27099,6816,105,0c2289,4a848
106,27354,6880,106,103289,42448
107,27611,6944,107,144289,3a048
108,27866,7008,108,185289,31c48
109,28122,7072,109,1c6289,29848
110,28378,7136,110,207289,21448
111,28637,7200,111,30b289,00448
112,28891,7264,112,34c289,60048
113,29146,7328,113,38d289,6b048
114,29403,7392,114,3ce289,73448
115,29658,7456,115,40f289,7b848
116,29914,7520,116,050289,5bc48
117,30170,7584,117,0812ca,52c29
118,30426,7648,118,0c22ca,4a829
119,30683,7712,119,1032ca,42429
120,30938,7776,120,1442ca,3a029
121,31195,7840,121,1852ca,31c29
122,31450,7904,122,1c62ca,29829
123,31706,7968,123,2072ca,21429
124,31962,8032,124,2482ca,19029
125,32221,8096,125,34c2ca,60029
126,32475,8160,126,38d2ca,6b029
127,32730,8224,127,3ce2ca,73429
128,32987,8288,128,40f2ca,7b829
129,33242,8352,129,0502ca,5bc29
130,33498,8416,130,08130b,52c0a
131,33754,8480,131,0c230b,4a80a
132,34010,8544,132,10330b,4240a
133,34267,8608,133,14430b,3a00a
134,34522,8672,134,18530b,31c0a
135,34779,8736,135,1c630b,2980a
136,35034,8800,136,20730b,2140a
137,35290,8864,137,24830b,1900a
138,35546,8928,138,28930b,10c0a
139,35805,8992,139,38d30b,6b00a
140,36059,9056,140,3ce30b,7340a
141,36314,9120,141,40f30b,7b80a
142,36571,9184,142,05030b,5bc0a
143,36826,9248,143,08134c,52d8b
144,37082,9312,144,0c234c,4a98b
145,37338,9376,145,10334c,4258b
146,37594,9440,146,14434c,3a18b
147,37851,9504,147,18534c,31d8b
148,38106,9568,148,1c634c,2998b
149,38363,9632,149,20734c,2158b
150,38618,9696,150,24834c,1918b
151,38874,9760,151,28934c,10d8b
152,39130,9824,152,2ca34c,0898b
153,39389,9888,153,3ce34c,7358b
154,39643,9952,154,40f34c,7b98b
155,39898,10016,155,05034c,5bd8b
156,40155,10080,156,08138d,52daf
157,40410,10144,157,0c238d,4a9af
158,40666,10208,158,10338d,425af
159,40922,10272,159,14438d,3a1af
160,41178,10336,160,18538d,31daf
161,41435,10400,161,1c638d,299af
162,41690,10464,162,20738d,215af
163,41947,10528,163,24838d,191af
164,42202,10592,164,28938d,10daf
165,42458,10656,165,2ca38d,089af
166,42714,10720,166,30b38d,005af
167,42973,10784,167,40f38d,7b9af
168,43227,10848,168,05038d,5bdaf
169,43482,10912,169,0813ce,52dce
170,43739,10976,170,0c23ce,4a9ce
171,43994,11040,171,1033ce,425ce
172,44250,11104,172,1443ce,3a1ce
173,44506,11168,173,1853ce,31dce
174,44762,11232,174,1c63ce,299ce
175,45019,11296,175,2073ce,215ce
176,45274,11360,176,2483ce,191ce
177,45531,11424,177,2893ce,10dce
178,45786,11488,178,2ca3ce,089ce
179,46042,11552,179,30b3ce,005ce
180,46298,11616,180,34c3ce,601ce
181,46557,11680,181,0503ce,5bdce
182,46811,11744,182,08140f,52ded
183,47066,11808,183,0c240f,4a9ed
184,47323,11872,184,10340f,425ed
185,47578,11936,185,14440f,3a1ed
186,47834,12000,186,18540f,31ded
187,48090,12064,187,1c640f,299ed
188,48346,12128,188,20740f,215ed
189,48603,12192,189,24840f,191ed
190,48858,12256,190,28940f,10ded
191,49115,12320,191,2ca40f,089ed
192,49370,12384,192,30b40f,005ed
193,49626,12448,193,34c40f,601ed
194,49882,12512,194,38d40f,6b1ed
195,50143,12576,195,0c2050,4a96c
196,50395,12640,196,103050,4256c
197,50650,12704,197,144050,3a16c
198,50907,12768,198,185050,31d6c
199,51162,12832,199,1c6050,2996c
200,51418,12896,200,207050,2156c
201,51674,12960,201,248050,1916c
202,51930,13024,202,289050,10d6c
203,52187,13088,203,2ca050,0896c
204,52442,13152,204,30b050,0056c
205,52699,13216,205,34c050,6016c
206,52954,13280,206,38d050,6b16c
207,53210,13344,207,3ce050,7356c
