index,i_plus,i_minus,v_plus,v_minus,ip_addr,in_addr,vp_addr,vn_addr
0,1,2,3,4,0,10,9,8
1,1,2,4,5,0,10,8,7
2,1,2,5,6,0,10,7,6
3,1,2,6,7,0,10,6,5
4,1,2,7,8,0,10,5,4
5,1,2,8,9,0,10,4,3
6,1,2,9,10,0,10,3,2
7,1,2,10,11,0,10,2,1
8,1,2,11,12,0,10,1,0
9,1,2,12,13,0,10,0,12
10,1,2,13,14,0,10,12,13
11,1,2,14,15,0,10,13,14
12,1,2,15,16,0,10,14,15
13,2,3,4,5,1,9,8,7
14,2,3,5,6,1,9,7,6
15,2,3,6,7,1,9,6,5
16,2,3,7,8,1,9,5,4
17,2,3,8,9,1,9,4,3
18,2,3,9,10,1,9,3,2
19,2,3,10,11,1,9,2,1
20,2,3,11,12,1,9,1,0
21,2,3,12,13,1,9,0,12
22,2,3,13,14,1,9,12,13
23,2,3,14,15,1,9,13,14
24,2,3,15,16,1,9,14,15
25,2,3,16,1,1,9,15,11
26,3,4,1,2,2,8,11,10
27,3,4,5,6,2,8,7,6
28,3,4,6,7,2,8,6,5
29,3,4,7,8,2,8,5,4
30,3,4,8,9,2,8,4,3
31,3,4,9,10,2,8,3,2
32,3,4,10,11,2,8,2,1
33,3,4,11,12,2,8,1,0
34,3,4,12,13,2,8,0,12
35,3,4,13,14,2,8,12,13
36,3,4,14,15,2,8,13,14
37,3,4,15,16,2,8,14,15
38,3,4,16,1,2,8,15,11
39,4,5,1,2,3,7,11,10
40,4,5,2,3,3,7,10,9
41,4,5,6,7,3,7,6,5
42,4,5,7,8,3,7,5,4
43,4,5,8,9,3,7,4,3
44,4,5,9,10,3,7,3,2
45,4,5,10,11,3,7,2,1
46,4,5,11,12,3,7,1,0
47,4,5,12,13,3,7,0,12
48,4,5,13,14,3,7,12,13
49,4,5,14,15,3,7,13,14
50,4,5,15,16,3,7,14,15
51,4,5,16,1,3,7,15,11
52,5,6,1,2,4,6,11,10
53,5,6,2,3,4,6,10,9
54,5,6,3,4,4,6,9,8
55,5,6,7,8,4,6,5,4
56,5,6,8,9,4,6,4,3
57,5,6,9,10,4,6,3,2
58,5,6,10,11,4,6,2,1
59,5,6,11,12,4,6,1,0
60,5,6,12,13,4,6,0,12
61,5,6,13,14,4,6,12,13
62,5,6,14,15,4,6,13,14
63,5,6,15,16,4,6,14,15
64,5,6,16,1,4,6,15,11
65,6,7,1,2,5,5,11,10
66,6,7,2,3,5,5,10,9
67,6,7,3,4,5,5,9,8
68,6,7,4,5,5,5,8,7
69,6,7,8,9,5,5,4,3
70,6,7,9,10,5,5,3,2
71,6,7,10,11,5,5,2,1
72,6,7,11,12,5,5,1,0
73,6,7,12,13,5,5,0,12
74,6,7,13,14,5,5,12,13
75,6,7,14,15,5,5,13,14
76,6,7,15,16,5,5,14,15
77,6,7,16,1,5,5,15,11
78,7,8,1,2,6,4,11,10
79,7,8,2,3,6,4,10,9
80,7,8,3,4,6,4,9,8
81,7,8,4,5,6,4,8,7
82,7,8,5,6,6,4,7,6
83,7,8,9,10,6,4,3,2
84,7,8,10,11,6,4,2,1
85,7,8,11,12,6,4,1,0
86,7,8,12,13,6,4,0,12
87,7,8,13,14,6,4,12,13
88,7,8,14,15,6,4,13,14
89,7,8,15,16,6,4,14,15
90,7,8,16,1,6,4,15,11
91,8,9,1,2,7,3,11,10
92,8,9,2,3,7,3,10,9
93,8,9,3,4,7,3,9,8
94,8,9,4,5,7,3,8,7
95,8,9,5,6,7,3,7,6
96,8,9,6,7,7,3,6,5
97,8,9,10,11,7,3,2,1
98,8,9,11,12,7,3,1,0
99,8,9,12,13,7,3,0,12
100,8,9,13,14,7,3,12,13
101,8,9,14,15,7,3,13,14
102,8,9,15,16,7,3,14,15
103,8,9,16,1,7,3,15,11
104,9,10,1,2,8,2,11,10
105,9,10,2,3,8,2,10,9
106,9,10,3,4,8,2,9,8
107,9,10,4,5,8,2,8,7
108,9,10,5,6,8,2,7,6
109,9,10,6,7,8,2,6,5
110,9,10,7,8,8,2,5,4
111,9,10,11,12,8,2,1,0
112,9,10,12,13,8,2,0,12
113,9,10,13,14,8,2,12,13
114,9,10,14,15,8,2,13,14
115,9,10,15,16,8,2,14,15
116,9,10,16,1,8,2,15,11
117,10,11,1,2,9,1,11,10
118,10,11,2,3,9,1,10,9
119,10,11,3,4,9,1,9,8
120,10,11,4,5,9,1,8,7
121,10,11,5,6,9,1,7,6
122,10,11,6,7,9,1,6,5
123,10,11,7,8,9,1,5,4
124,10,11,8,9,9,1,4,3
125,10,11,12,13,9,1,0,12
126,10,11,13,14,9,1,12,13
127,10,11,14,15,9,1,13,14
128,10,11,15,16,9,1,14,15
129,10,11,16,1,9,1,15,11
130,11,12,1,2,10,0,11,10
131,11,12,2,3,10,0,10,9
132,11,12,3,4,10,0,9,8
133,11,12,4,5,10,0,8,7
134,11,12,5,6,10,0,7,6
135,11,12,6,7,10,0,6,5
136,11,12,7,8,10,0,5,4
137,11,12,8,9,10,0,4,3
138,11,12,9,10,10,0,3,2
139,11,12,13,14,10,0,12,13
140,11,12,14,15,10,0,13,14
141,11,12,15,16,10,0,14,15
142,11,12,16,1,10,0,15,11
143,12,13,1,2,11,12,11,10
144,12,13,2,3,11,12,10,9
145,12,13,3,4,11,12,9,8
146,12,13,4,5,11,12,8,7
147,12,13,5,6,11,12,7,6
148,12,13,6,7,11,12,6,5
149,12,13,7,8,11,12,5,4
150,12,13,8,9,11,12,4,3
151,12,13,9,10,11,12,3,2
152,12,13,10,11,11,12,2,1
153,12,13,14,15,11,12,13,14
154,12,13,15,16,11,12,14,15
155,12,13,16,1,11,12,15,11
156,13,14,1,2,15,13,11,10
157,13,14,2,3,15,13,10,9
158,13,14,3,4,15,13,9,8
159,13,14,4,5,15,13,8,7
160,13,14,5,6,15,13,7,6
161,13,14,6,7,15,13,6,5
162,13,14,7,8,15,13,5,4
163,13,14,8,9,15,13,4,3
164,13,14,9,10,15,13,3,2
165,13,14,10,11,15,13,2,1
166,13,14,11,12,15,13,1,0
167,13,14,15,16,15,13,14,15
168,13,14,16,1,15,13,15,11
169,14,15,1,2,14,14,11,10
170,14,15,2,3,14,14,10,9
171,14,15,3,4,14,14,9,8
172,14,15,4,5,14,14,8,7
173,14,15,5,6,14,14,7,6
174,14,15,6,7,14,14,6,5
175,14,15,7,8,14,14,5,4
176,14,15,8,9,14,14,4,3
177,14,15,9,10,14,14,3,2
178,14,15,10,11,14,14,2,1
179,14,15,11,12,14,14,1,0
180,14,15,12,13,14,14,0,12
181,14,15,16,1,14,14,15,11
182,15,16,1,2,13,15,11,10
183,15,16,2,3,13,15,10,9
184,15,16,3,4,13,15,9,8
185,15,16,4,5,13,15,8,7
186,15,16,5,6,13,15,7,6
187,15,16,6,7,13,15,6,5
188,15,16,7,8,13,15,5,4
189,15,16,8,9,13,15,4,3
190,15,16,9,10,13,15,3,2
191,15,16,10,11,13,15,2,1
192,15,16,11,12,13,15,1,0
193,15,16,12,13,13,15,0,12
194,15,16,13,14,13,15,12,13
195,16,1,2,3,12,11,10,9
196,16,1,3,4,12,11,9,8
197,16,1,4,5,12,11,8,7
198,16,1,5,6,12,11,7,6
199,16,1,6,7,12,11,6,5
200,16,1,7,8,12,11,5,4
201,16,1,8,9,12,11,4,3
202,16,1,9,10,12,11,3,2
203,16,1,10,11,12,11,2,1
204,16,1,11,12,12,11,1,0
205,16,1,12,13,12,11,0,12
206,16,1,13,14,12,11,12,13
207,16,1,14,15,12,11,13,14
